{
  "results": [
    {
      "command": "zt",
      "mean": 0.03689467514647888,
      "stddev": 0.0036606389269292186,
      "median": 0.0368867934,
      "user": 0.0017230777464788732,
      "system": 0.0031033422535211262,
      "min": 0.0289800354,
      "max": 0.047013845400000004,
      "times": [
        0.040941527400000004,
        0.0326517964,
        0.0352239964,
        0.0398336954,
        0.0339579464,
        0.0368867934,
        0.037945688400000004,
        0.034999640400000004,
        0.0377913494,
        0.0389809814,
        0.0389443564,
        0.0349536814,
        0.0328625794,
        0.0299553634,
        0.0391133084,
        0.0417927674,
        0.0339088594,
        0.0379109994,
        0.0380176944,
        0.036883001400000004,
        0.0368931964,
        0.0339334664,
        0.031036995400000003,
        0.047013845400000004,
        0.0317841404,
        0.0318742824,
        0.0399739714,
        0.0368774284,
        0.0379228914,
        0.0359500594,
        0.0408819434,
        0.0359661284,
        0.0359802274,
        0.032921950400000004,
        0.035888827400000003,
        0.0369976674,
        0.0328377284,
        0.0359110954,
        0.0349770694,
        0.0430016644,
        0.0318865684,
        0.0460236494,
        0.0368802354,
        0.0289800354,
        0.0349114784,
        0.0466171564,
        0.0331616224,
        0.0388948734,
        0.0339581534,
        0.0350658124,
        0.0378304844,
        0.0371207744,
        0.0318372434,
        0.0348241674,
        0.036949126400000004,
        0.0378782944,
        0.0399777244,
        0.0348769144,
        0.0358294924,
        0.0381290954,
        0.0339177194,
        0.0388684924,
        0.0378940564,
        0.0431897654,
        0.038637460400000004,
        0.0369851914,
        0.0379502744,
        0.0388632394,
        0.0363687744,
        0.0394731354,
        0.0435603194
      ],
      "memory_usage_byte": [
        5689344,
        5689344,
        5689344,
        5705728,
        5705728,
        5816320,
        5816320,
        5816320,
        5816320,
        5816320,
        5816320,
        5816320,
        5816320,
        5816320,
        5816320,
        5816320,
        5816320,
        5816320,
        5816320,
        5816320,
        5832704,
        5832704,
        5832704,
        5832704,
        5832704,
        5832704,
        5832704,
        5832704,
        5832704,
        5832704,
        5832704,
        5832704,
        5832704,
        5832704,
        5832704,
        5832704,
        5832704,
        5832704,
        5832704,
        5832704,
        5832704,
        5832704,
        5849088,
        5849088,
        5849088,
        5849088,
        5849088,
        5849088,
        5849088,
        5849088,
        5849088,
        5849088,
        5849088,
        5849088,
        5849088,
        5849088,
        5849088,
        5849088,
        5849088,
        5849088,
        5849088,
        5849088,
        5849088,
        5849088,
        5849088,
        5849088,
        5849088,
        5849088,
        5849088,
        5849088,
        5849088
      ],
      "exit_codes": [
        0,
        0,
        0,
        0,
        0,
        0,
        0,
        0,
        0,
        0,
        0,
        0,
        0,
        0,
        0,
        0,
        0,
        0,
        0,
        0,
        0,
        0,
        0,
        0,
        0,
        0,
        0,
        0,
        0,
        0,
        0,
        0,
        0,
        0,
        0,
        0,
        0,
        0,
        0,
        0,
        0,
        0,
        0,
        0,
        0,
        0,
        0,
        0,
        0,
        0,
        0,
        0,
        0,
        0,
        0,
        0,
        0,
        0,
        0,
        0,
        0,
        0,
        0,
        0,
        0,
        0,
        0,
        0,
        0,
        0,
        0
      ]
    },
    {
      "command": "st",
      "mean": 0.07771883749677422,
      "stddev": 0.006156792786649048,
      "median": 0.07588502640000001,
      "user": 0.036576976129032254,
      "system": 0.007789558064516128,
      "min": 0.06943717540000001,
      "max": 0.09394799640000001,
      "times": [
        0.09394799640000001,
        0.08799626440000001,
        0.08463900440000001,
        0.08148942140000001,
        0.0730100114,
        0.07742821240000002,
        0.0789477464,
        0.07852795340000002,
        0.08387437040000001,
        0.07883863840000001,
        0.0730243844,
        0.07411617640000001,
        0.07577912640000001,
        0.0739345274,
        0.07209963840000001,
        0.06943717540000001,
        0.07588502640000001,
        0.07607258840000002,
        0.08262157440000001,
        0.0883318844,
        0.07574260840000001,
        0.07296549840000001,
        0.08966708540000001,
        0.07167452140000001,
        0.07677194840000001,
        0.07514011840000001,
        0.0718528414,
        0.0713759354,
        0.07835363640000001,
        0.07051708240000001,
        0.0752209654
      ],
      "memory_usage_byte": [
        31948800,
        31948800,
        31948800,
        31948800,
        31948800,
        31948800,
        31948800,
        31948800,
        31948800,
        31948800,
        31948800,
        31948800,
        31948800,
        31948800,
        31948800,
        31948800,
        31948800,
        31948800,
        31948800,
        31948800,
        31948800,
        31952896,
        31952896,
        31952896,
        31956992,
        31956992,
        31956992,
        31956992,
        31956992,
        31956992,
        31956992
      ],
      "exit_codes": [
        1,
        1,
        1,
        1,
        1,
        1,
        1,
        1,
        1,
        1,
        1,
        1,
        1,
        1,
        1,
        1,
        1,
        1,
        1,
        1,
        1,
        1,
        1,
        1,
        1,
        1,
        1,
        1,
        1,
        1,
        1
      ]
    },
    {
      "command": "xterm",
      "mean": 0.046482516696875004,
      "stddev": 0.004816042764046468,
      "median": 0.0453617309,
      "user": 0.010506631875,
      "system": 0.004349174999999999,
      "min": 0.0392666574,
      "max": 0.0609913994,
      "times": [
        0.0452227654,
        0.0521335854,
        0.0433799384,
        0.045488189400000004,
        0.0464439504,
        0.0428019394,
        0.0452352724,
        0.0468487454,
        0.0448323014,
        0.042261661400000004,
        0.049991228400000004,
        0.0478870874,
        0.0456178124,
        0.0447181274,
        0.0409333994,
        0.0489893774,
        0.0497081974,
        0.052785301400000005,
        0.050852597400000005,
        0.0447952754,
        0.0454960894,
        0.0430222514,
        0.0428406064,
        0.0468634374,
        0.0464013384,
        0.047488968400000005,
        0.048996315400000004,
        0.0538125704,
        0.043662384400000004,
        0.0442007374,
        0.0457165374,
        0.0543984974,
        0.0470605874,
        0.0436881414,
        0.0495526764,
        0.0413659734,
        0.053088074400000004,
        0.060896498400000006,
        0.0544217564,
        0.042080911400000004,
        0.0469933924,
        0.0392666574,
        0.041099023400000004,
        0.0505437684,
        0.047354979400000004,
        0.0457749144,
        0.0450808714,
        0.0408960034,
        0.0456574264,
        0.0493219874,
        0.044702658400000005,
        0.0441465684,
        0.0401564154,
        0.041613485400000004,
        0.0450900814,
        0.042553926400000004,
        0.0400190054,
        0.0417841844,
        0.0439891204,
        0.0422136704,
        0.0609913994,
        0.059831348400000005,
        0.044913863400000004,
        0.0449052114
      ],